{"proxies":{"ti.deeply.TiDeeplyModule":{"superPackageName":"org.appcelerator.kroll","methods":{"setCallback":{"runOnUiThread":false,"hasInvocation":false,"args":[{"converter":"org.appcelerator.kroll.KrollConverter","defaultValueProvider":"org.appcelerator.kroll.KrollConverter","name":"_callback","sourceName":"_callback","type":"org.appcelerator.kroll.KrollFunction"}],"apiName":"setCallback","converter":"org.appcelerator.kroll.KrollConverter","defaultValueProvider":"org.appcelerator.kroll.KrollConverter","name":"__default_name__","returnType":"void"}},"dynamicProperties":{"callback":{"set":true,"nativeConverter":"org.appcelerator.kroll.KrollConverter","setMethodName":"setCallback","setMethodArgs":[{"converter":"org.appcelerator.kroll.KrollConverter","defaultValueProvider":"org.appcelerator.kroll.KrollConverter","name":"_callback","sourceName":"_callback","type":"org.appcelerator.kroll.KrollFunction"}],"setDefaultProviders":["org.appcelerator.kroll.KrollConverter"],"converter":"org.appcelerator.kroll.KrollConverter","defaultValueProvider":"org.appcelerator.kroll.KrollConverter","retain":true,"javascriptConverter":"org.appcelerator.kroll.KrollConverter","getHasInvocation":false,"runOnUiThread":false,"setReturnType":"void","get":false,"name":"callback","setHasInvocation":false}},"superProxyBindingClassName":"org.appcelerator.kroll.KrollModuleBindingGen","proxyClassName":"TiDeeplyModule","proxyAttrs":{"propertyAccessors":[],"fullAPIName":"TiDeeply","name":"TiDeeply","proxyClassName":"ti.deeply.TiDeeplyModule","isTopLevel":false,"id":"ti.deeply"},"packageName":"ti.deeply","sourceName":"ti.deeply.TiDeeplyModuleBindingGen","isTitaniumSdk":false,"superProxyClassName":"KrollModule","isModule":true,"genClassName":"TiDeeplyModuleBindingGen"}},"modules":{"ti.deeply.TiDeeplyModule":{"apiName":"TiDeeply"}}}